Column_1,Source_PDF,Method,Column_2,Column_3,Column_4,Column_5,Column_6,Column_7
"FRUIT, VEGETABLES",FVAndCSofP2020-21.pdf,Camelot,,,,,,
AND CONDIMENTS STATISTICS,FVAndCSofP2020-21.pdf,Camelot,,,,,,
OF PAKISTAN,FVAndCSofP2020-21.pdf,Camelot,,,,,,
2018-19,FVAndCSofP2020-21.pdf,Camelot,,,,,,
ECONOMIC WING,FVAndCSofP2020-21.pdf,Camelot,,,,,,
MINISTRY OF NATIONAL FOOD SECURITY & RESEARCH,FVAndCSofP2020-21.pdf,Camelot,,,,,,
ISLAMABAD,FVAndCSofP2020-21.pdf,Camelot,,,,,,
GOVERNMENT OF PAKISTAN,FVAndCSofP2020-21.pdf,Camelot,,,,,,
APRIL 2020,FVAndCSofP2020-21.pdf,Camelot,,,,,,
Condiments Statistics of Pakistan,FVAndCSofP2020-21.pdf,Camelot,,,,,,
Table No. 1,FVAndCSofP2020-21.pdf,Camelot,Pakistan,1-2,,,,
Table No. 2,FVAndCSofP2020-21.pdf,Camelot,Punjab,3-4,,,,
Table No. 3,FVAndCSofP2020-21.pdf,Camelot,Sindh,5-6,,,,
Table No. 4,FVAndCSofP2020-21.pdf,Camelot,Khyber Pakhtunkhwa,7-8,,,,
Table No. 5,FVAndCSofP2020-21.pdf,Camelot,Balochistan,9-10,,,,
"Table No. 5  
Balochistan",FVAndCSofP2020-21.pdf,Camelot,9-10,,,,,
VEGETABLES,FVAndCSofP2020-21.pdf,Camelot,,,,,,
Table No. 6     Pakistan,FVAndCSofP2020-21.pdf,Camelot,11-12,,,,,
Table No. 7     Punjab,FVAndCSofP2020-21.pdf,Camelot,13-14,,,,,
Table No. 8     Sindh,FVAndCSofP2020-21.pdf,Camelot,15-16,,,,,
Table No. 9     Khyber Pakhtunkhwa,FVAndCSofP2020-21.pdf,Camelot,17-18,,,,,
Table No. 10   Balochistan,FVAndCSofP2020-21.pdf,Camelot,19-20,,,,,
,FVAndCSofP2020-21.pdf,Camelot,Page,,,,,
C.  Wholesale Prices in Important Markets,FVAndCSofP2020-21.pdf,Camelot,,,,,,
Table No. 14   Grapes (Sunder Khani) & Mango (Qalmi),FVAndCSofP2020-21.pdf,Camelot,73,,,,,
"Table No. 15  
Banana",FVAndCSofP2020-21.pdf,Camelot,74,,,,,
Table No. 16   Apple (Kala Kulu),FVAndCSofP2020-21.pdf,Camelot,75,,,,,
Table No. 17   Kino,FVAndCSofP2020-21.pdf,Camelot,76,,,,,
Table No. 18   Malta,FVAndCSofP2020-21.pdf,Camelot,77,,,,,
,FVAndCSofP2020-21.pdf,Camelot,,MESSAGE,,,,
,FVAndCSofP2020-21.pdf,Camelot,Agriculture is lifeline of Pakistan’s economy. About 68% of population is engaged in farming directly or,,,,,
indirectly.  Pakistan  has  a  great  potential  for  horticulture  due  to  the  variety  in  land  and  climate  which,FVAndCSofP2020-21.pdf,Camelot,,,,,,
provide rich opportunity for the production of a wide range of horticulture corps.,FVAndCSofP2020-21.pdf,Camelot,,,,,,
T,FVAndCSofP2020-21.pdf,Camelot,"his  publication  includes  statistics  on  fruit,  vegetable  and  floriculture  commodities  produced  in  the",,,,,
"country it may be said that a viable, profitable horticulture sector can provide sustainable livelihoods to",FVAndCSofP2020-21.pdf,Camelot,,,,,,
the rural population engaged primarily in Agriculture.,FVAndCSofP2020-21.pdf,Camelot,,,,,,
T,FVAndCSofP2020-21.pdf,Camelot,"here  is  a  need  to  take  the  horticulture  sector  to  the  next  level.  in  terms  of  export  earning,  through",,,,,
meeting,FVAndCSofP2020-21.pdf,Camelot,international,"standards  of  hygiene,  packaging,.  Salesmanship,",storage  and,transportation,,
"requirements.  The  government  has  to  encourage  entrepreneurs  of  fruit,  vegetable  and  floriculture  by",FVAndCSofP2020-21.pdf,Camelot,,,,,,
"introducing  transparent,  incentive  based  level  playing  field  for  the  growers  and  also  providing  them",FVAndCSofP2020-21.pdf,Camelot,,,,,,
required international training.,FVAndCSofP2020-21.pdf,Camelot,,,,,,
I,FVAndCSofP2020-21.pdf,Camelot,appreciate the  officers and  staff  of Economic  Wing and also those  who  participated in  collection and,,,,,
compilation of data .,FVAndCSofP2020-21.pdf,Camelot,,,,,,
.,FVAndCSofP2020-21.pdf,Camelot,Food  Security  and  economic  development  of  the  country  predominantly  hinges  upon  the  agriculture,,,,,
sector. Horticulture in Pakistan has emerged an important sector contributing to the national agricultural,FVAndCSofP2020-21.pdf,Camelot,,,,,,
GDP s  share  and produce large number of horticultural products to fulfill domestic demand of fruit and,FVAndCSofP2020-21.pdf,Camelot,,,,,,
vegetables,FVAndCSofP2020-21.pdf,Camelot,,"for  ever 
increasing  population.  The  demand 
for 
fruits  and  vegetables",is  continuously,,,
increasing in local and export markets.,FVAndCSofP2020-21.pdf,Camelot,,,,,,
P,FVAndCSofP2020-21.pdf,Camelot,,akistan  is  a  major  producer  of  fruits  and  vegetables.  More  than  29  types  of  fruits  and  33  types  of,,,,
vegetables  are  produced,FVAndCSofP2020-21.pdf,Camelot,,"in 
the  country 
throughout 
the  year.  However,  most  of","the  production 
is",,,
"consumed  in  domestic  markets.  Production  of  citrus,  mango,  apple,  melons,  dates,  guava,  and  apricot",FVAndCSofP2020-21.pdf,Camelot,,,,,,
"reflect strong domestic market demand for horticulture crops. Citrus fruit, primarily the mandarin variety.",FVAndCSofP2020-21.pdf,Camelot,,,,,,
"The highest production have reached i.e Citrus fruit & Mango 2.4 and 1.7 million tons,  the largest fruit",FVAndCSofP2020-21.pdf,Camelot,,,,,,
crop group by volume and are major export revenue earner. According to latest figures Pakistan exported,FVAndCSofP2020-21.pdf,Camelot,,,,,,
755.7 thousand ton of fruits and vegetables 1022.9   thousand ton  in FY 2018-19.,FVAndCSofP2020-21.pdf,Camelot,,,,,,
I,FVAndCSofP2020-21.pdf,Camelot,hope,this  book  will  provide  a  useful  data  base  and  reference  document  for,"the  policy  makers,",,,
"researchers,  students,  planners and  general  public.   I appreciate the  hard  work done by  the  officers and",FVAndCSofP2020-21.pdf,Camelot,,,,,,
"staff  of  the  Economic  Wing  involved  in  data  collection  and  compilation  of  “Fruit,  Vegetables  and",FVAndCSofP2020-21.pdf,Camelot,,,,,,
"Condiments Statistics of Pakistan, 2018-19”.",FVAndCSofP2020-21.pdf,Camelot,,,,,,
GOVERNMENT OF PAKISTAN,MFRDec-2025.pdf,Camelot,,,,,,
MINISTRY OF NATIONAL FOOD SECURITY AND RESEARCH,MFRDec-2025.pdf,Camelot,,,,,,
ECONOMIC WING (NFDC),MFRDec-2025.pdf,Camelot,,,,,,
"STREET NO.1, SECTOR H-8/1",MFRDec-2025.pdf,Camelot,,,,,,
ISLAMABAD,MFRDec-2025.pdf,Camelot,,,,,,
www.nfdc.gov.pk,MFRDec-2025.pdf,Camelot,,,,,,
,MFRDec-2025.pdf,Camelot,CONTENTS                                                                                                                                             Page #,,,,,
,MFRDec-2025.pdf,Camelot,"EXECUTIVE SUMMARY 
 
 
 
 
 
 
 
 
01",,,,,
1.,MFRDec-2025.pdf,Camelot,"Introduction 
 
 
 
 
 
 
 
 
 
 
03",,,,,
2.,MFRDec-2025.pdf,Camelot,"Offtake during December, 2025                                                                                                                          03",,,,,
3.,MFRDec-2025.pdf,Camelot,Cumulative Fertilizer Offtake during Rabi 2025-26 (Oct-Dec)                                                                         03,,,,,
4.,MFRDec-2025.pdf,Camelot,Local Production and Imported supplies during December 2025                                                                      04,,,,,
5.,MFRDec-2025.pdf,Camelot,"Province-wise Urea and DAP Offtake during December, 2025  
 
 
 
 
04",,,,,
6.,MFRDec-2025.pdf,Camelot,"Supply / Demand Situation during December, 2025 
 
 
 
 
 
 
05",,,,,
7.,MFRDec-2025.pdf,Camelot,Outlook for Rabi 2025-26                                                                                                                                   06,,,,,
8.,MFRDec-2025.pdf,Camelot,Fertilizer Prices                                                                                                                                                   07,,,,,
,MFRDec-2025.pdf,Camelot,Executive Summary,,,,,
1.,MFRDec-2025.pdf,Camelot,SUPPLY/DEMAND SITUATION,,,,,
Offtake during December 2025,MFRDec-2025.pdf,Camelot,,,,,,
"Urea offtake was 1,356 thousand tonnes which increased by 36.8 per cent while DAP offtake",MFRDec-2025.pdf,Camelot,,,,,,
was 80 thousand tonnes which decreased by 44.6 per cent over December 2024. Total nutrient,MFRDec-2025.pdf,Camelot,,,,,,
"offtake during December 2025 was 770 thousand tonnes, which increased by 23.2 per cent over",MFRDec-2025.pdf,Camelot,,,,,,
"December  2024.  Nitrogen  and  potash  offtake  increased  by  34  and  29.8  per cent,  respectively",MFRDec-2025.pdf,Camelot,,,,,,
while phosphate offtake decreased by 41.5 per cent.,MFRDec-2025.pdf,Camelot,,,,,,
Cumulative Fertilizer Offtake during Rabi 2025-26 (Oct-Dec),MFRDec-2025.pdf,Camelot,,,,,,
"Cumulative nutrient offtake during Rabi 2025-26 (Oct-Dec) was 1,758 thousand tonnes, which",MFRDec-2025.pdf,Camelot,,,,,,
increased by 11.1 per cent over Rabi 2024-25. Nitrogen and potash offtake increased by 21.1,MFRDec-2025.pdf,Camelot,,,,,,
"and 33.1 per cent, respectively while phosphate offtake decreased by 19.2 per cent. Decrease in",MFRDec-2025.pdf,Camelot,,,,,,
phosphate offtake can be attributed to its high prices.,MFRDec-2025.pdf,Camelot,,,,,,
International: Urea prices remained stable in both China and Middle East during month under,MFRDec-2025.pdf,Camelot,,,,,,
review.  Urea  prices  were  quoted  as  US$  385-395  and  US$  380-400  per  tonne  FOB  bulk  for,MFRDec-2025.pdf,Camelot,,,,,,
"China  and  Middle  East,  respectively.  DAP  prices  also  remained  stable  in  both  Morocco  and",MFRDec-2025.pdf,Camelot,,,,,,
China durimg December 2025. DAP prices were in the range of US$ 636-725 per tonne FOB,MFRDec-2025.pdf,Camelot,,,,,,
bulk in Morocco and US$ 680-690 per tonne FOB in China. MAP and TSP bulk prices were,MFRDec-2025.pdf,Camelot,,,,,,
"US$  556-613  and  US$  525-560  per  tonne  FOB,  respectively.  Ex-Karachi  price  of  imported",MFRDec-2025.pdf,Camelot,,,,,,
"urea (Middle East) ranged between Rs. 6,983 and 7,300 per 50 kg bag, while price of imported",MFRDec-2025.pdf,Camelot,,,,,,
"DAP  (Morocco)  was  in  the  range  of  Rs.  11,664-13,134  per  50  kg  bag.  Ex-  Karachi  price  of",MFRDec-2025.pdf,Camelot,,,,,,
imported TSP (Tunisia) ranged between Rs. 9120-9659 per 50 kg bag.,MFRDec-2025.pdf,Camelot,,,,,,
3.  OUTLOOK FOR RABI 2025-26,MFRDec-2025.pdf,Camelot,,,,,,
"Total  availability  of  urea  during  Rabi  2025-26  is  estimated  around  4,415  thousand  tonnes,",MFRDec-2025.pdf,Camelot,,,,,,
"comprising  1,148",MFRDec-2025.pdf,Camelot,thousand,tonnes  opening,"stock  and  3,267",thousand,tonnes  domestic,
"production. Urea demand is projected around 3,968 thousand tonnes. Sufficient urea stocks will",MFRDec-2025.pdf,Camelot,,,,,,
be available during Rabi season provided two SNGPL based plants remain operational.,MFRDec-2025.pdf,Camelot,,,,,,
"Similarly,  total  availability  of  DAP  during  Rabi  2025-26  is  estimated  around  1,042  thousand",MFRDec-2025.pdf,Camelot,,,,,,
"tonnes,  comprising  392  thousand  tonnes  opening  stock,  251  thousand  tonnes  of  confirmed",MFRDec-2025.pdf,Camelot,,,,,,
imports  and  399  thousand  tonnes  domestic  production.  DAP  demand  is  projected  around,MFRDec-2025.pdf,Camelot,,,,,,
795 thousand tonnes leaving behind closing balance of 252 thousand tonnes for next season.,MFRDec-2025.pdf,Camelot,,,,,,
Table 1.,MFRDec-2025.pdf,Camelot,,Fertilizer offtake during December 2025 compared with previous years,,,,
,MFRDec-2025.pdf,Camelot,,,,,,(000 tonnes)
Nutrient/,MFRDec-2025.pdf,Camelot,December,December,December,December,December,Per cent change in
Product,MFRDec-2025.pdf,Camelot,2021,2022,2023,2024,2025,2025 over 2024
Nitrogen,MFRDec-2025.pdf,Camelot,332,482,352,532,714,34.0
Phosphate,MFRDec-2025.pdf,Camelot,70,107,79,90,53,-41.5
Potash,MFRDec-2025.pdf,Camelot,5.1,0.4,2.7,2.8,3.6,29.8
Total,MFRDec-2025.pdf,Camelot,408,590,434,625,770,23.2
Urea,MFRDec-2025.pdf,Camelot,599,833,628,991,"1,356",36.8
DAP,MFRDec-2025.pdf,Camelot,117,158,138,144,80,-44.6
,NationalSeedpolicy2024.pdf,Camelot,Draft,,,,,
National Seed Policy of Pakistan  2024,NationalSeedpolicy2024.pdf,Camelot,,,,,,
{),NationalSeedpolicy2024.pdf,Camelot,,,,,,
Government  of Pakistan,NationalSeedpolicy2024.pdf,Camelot,,,,,,
Ministry of National Food  Security  & Research,NationalSeedpolicy2024.pdf,Camelot,,,,,,
4,NationalSeedpolicy2024.pdf,Camelot,Seed Production  and  Distribution,8,,,,
5,NationalSeedpolicy2024.pdf,Camelot,Quality  Assurance and Monitoring,9,,,,
,NationalSeedpolicy2024.pdf,Camelot,,'t0,,,,
6,NationalSeedpolicy2024.pdf,Camelot,lnfrastructure & Human  Resource  Development,,,,,
7,NationalSeedpolicy2024.pdf,Camelot,Genetically Modified Plant  Varieties,11,,,,
8,NationalSeedpolicy2024.pdf,Camelot,lmport of Seed and Planting  Material,12,,,,
I,NationalSeedpolicy2024.pdf,Camelot,Export  of Seed  and Planting  Material,13,,,,
10,NationalSeedpolicy2024.pdf,Camelot,Strengthening of Domestic  Seed  lndustry,14,,,,
11,NationalSeedpolicy2024.pdf,Camelot,Conservation of Plant Genetic Resources  for Food and,15,,,,
,NationalSeedpolicy2024.pdf,Camelot,Agriculture,,,,,
,NationalSeedpolicy2024.pdf,Camelot,,'16,,,,
14,NationalSeedpolicy2024.pdf,Camelot,Harmonization  of Variety Evaluation  and Approval,,,,,
15,NationalSeedpolicy2024.pdf,Camelot,Conclusion,17,,,,
Draft,NationalSeedpolicy2024.pdf,Camelot,,,,,,
INTRODUCTION,NationalSeedpolicy2024.pdf,Camelot,,,,,,
"Over the past 40 years,  Pakistan  has made significant  strides  in the  agricultural",NationalSeedpolicy2024.pdf,Camelot,,,,,,
"sector,  increasing  the production  of food grains  and industrial  crops by 3-4 times.",NationalSeedpolicy2024.pdf,Camelot,,,,,,
"Despite  this  progress,  the country  remains  a net importer  of edible  oils, pulses,",NationalSeedpolicy2024.pdf,Camelot,,,,,,
"vegetables,  and dairy  products,  leading  to a persistent food deficit.  The policy is aimed",NationalSeedpolicy2024.pdf,Camelot,,,,,,
to achieve  food and  nutritional  security  at the national  and  household  level.,NationalSeedpolicy2024.pdf,Camelot,,,,,,
"The growth in agricultural  and food production varies across regions,  crops, and",NationalSeedpolicy2024.pdf,Camelot,,,,,,
"different  segments  of the farming community. ln the nineties,  there was a noticeable",NationalSeedpolicy2024.pdf,Camelot,,,,,,
"slowdown in the pace of growth, which  resurged in 2006 and beyond, underscoring",NationalSeedpolicy2024.pdf,Camelot,,,,,,
the necessity  of revitalizing  the agricultural  sector.,NationalSeedpolicy2024.pdf,Camelot,,,,,,
Seeds play a pivotal role in determining  the production  of food  crops. lt is essential  to,NationalSeedpolicy2024.pdf,Camelot,,,,,,
have seeds  with  appropriate  characteristics  to accommodate  the diverse  agro-climatic,NationalSeedpolicy2024.pdf,Camelot,,,,,,
"conditions  and intensive  cropping systems, as well as to meet  the varying demands",NationalSeedpolicy2024.pdf,Camelot,,,,,,
of consumers.  A sustained  increase  in agricultural  production  and productivity  relies,NationalSeedpolicy2024.pdf,Camelot,,,,,,
significantly on the development of improved  crop varieties and an efficient system,NationalSeedpolicy2024.pdf,Camelot,,,,,,
for the timely  supply  of high-quality  seeds to farmers.,NationalSeedpolicy2024.pdf,Camelot,,,,,,
The framework  for promoting  and regulating the seed industry  in Pakistan  is,NationalSeedpolicy2024.pdf,Camelot,,,,,,
"established through key legislative  measures, including the Seed Act of 1g76,",NationalSeedpolicy2024.pdf,Camelot,,,,,,
"amended by the Seed (Amendment)  Act of 20'15,  along  with the Seed (Business",NationalSeedpolicy2024.pdf,Camelot,,,,,,
Regulation)  Rules of 2016 (amended  in 2021) and  the Seed  (Truth-in-Labeling  Rules),NationalSeedpolicy2024.pdf,Camelot,,,,,,
"of '1991  . Additionally,  the introduction  of the Plant Breeders'  Rights  Act  of 2016 further",NationalSeedpolicy2024.pdf,Camelot,,,,,,
contributes to this regulatory foundation.  As the demand  and supply  of seeds  are,NationalSeedpolicy2024.pdf,Camelot,,,,,,
"subject to various  factors,  this process  remains dynamic,  necessitating continuous",NationalSeedpolicy2024.pdf,Camelot,,,,,,
improvements  in regulations  and facilitation.  Adapting  to changing  scenarios  is crucial,NationalSeedpolicy2024.pdf,Camelot,,,,,,
to ensure  the effectiveness  and relevance  of the regulatory  framework in addressing,NationalSeedpolicy2024.pdf,Camelot,,,,,,
the evolving  needs  of the seed industry.,NationalSeedpolicy2024.pdf,Camelot,,,,,,
Draft,NationalSeedpolicy2024.pdf,Camelot,,,,,,
1 . Obiectives  of the Policv,NationalSeedpolicy2024.pdf,Camelot,,,,,,
The main objective  of the National  Seeds  Policy  is to facilitate  the availability and,NationalSeedpolicy2024.pdf,Camelot,,,,,,
encourage the adoption  of high-quality  seeds  of improved  varieties.  This  initiative,NationalSeedpolicy2024.pdf,Camelot,,,,,,
"aims to elevate  and maintain crop  productivity,  bolster food security,  create",NationalSeedpolicy2024.pdf,Camelot,,,,,,
"supplementary  sources of farm income  and employment,  lay the groundwork  for",NationalSeedpolicy2024.pdf,Camelot,,,,,,
"value-added  agricultural  exports,  and alleviate  poverty  in rural areas  across  pakistan.",NationalSeedpolicy2024.pdf,Camelot,,,,,,
"By prioritizing  the dissemination of superior seeds,  the policy aims to equip farmers",NationalSeedpolicy2024.pdf,Camelot,,,,,,
"with the necessary resources  to cultivate more resilient and  high-yielding  crops,",NationalSeedpolicy2024.pdf,Camelot,,,,,,
ensuring  a steady  food  supply  while  economically  empowering rural  communities.,NationalSeedpolicy2024.pdf,Camelot,,,,,,
Detailed  objectives:,NationalSeedpolicy2024.pdf,Camelot,,,,,,
,NationalSeedpolicy2024.pdf,Camelot,,,,,,
v,NationalSeedpolicy2024.pdf,Camelot,Draft,,,,,
,NationalSeedpolicy2024.pdf,Camelot,1.'10.  Endosing  the imperative  role of farm-saved  seeds in meeting planting,,,,,
,NationalSeedpolicy2024.pdf,Camelot,"needs,  in traditional  genetic  advance,  in preserving  land races  and farmers'",,,,,
,NationalSeedpolicy2024.pdf,Camelot,varieties and  in conserving  crop  biodiversity.,,,,,
,NationalSeedpolicy2024.pdf,Camelot,1.11.  Research  base  response  to mitigate the impacts  of 'Climate  Change'..,,,,,
,NationalSeedpolicy2024.pdf,Camelot,5,,,,,
"N
                                
FDC Publication No. 1/2024                                    Statistical Bulletin",PFS-2024.pdf,Camelot,,,,,,
PAKISTAN,PFS-2024.pdf,Camelot,,,,,,
FERTILIZER STATISTICS,PFS-2024.pdf,Camelot,,,,,,
(2012-13 to 2022-23),PFS-2024.pdf,Camelot,,,,,,
GOVERNMENT OF PAKISTAN,PFS-2024.pdf,Camelot,,,,,,
MINISTRY OF NATIONAL FOOD SECURITY AND RESEARCH,PFS-2024.pdf,Camelot,,,,,,
NATIONAL FERTILIZER DEVELOPMENT CENTRE,PFS-2024.pdf,Camelot,,,,,,
"STREET NO.1, SECTOR H-8/1, ISLAMABAD",PFS-2024.pdf,Camelot,,,,,,
www.nfdc.gov.pk,PFS-2024.pdf,Camelot,,,,,,
Statistical Bulletin 1/2024,PFS-2024.pdf,Camelot,,,,,,
 2024 by National Fertilizer Development Centre,PFS-2024.pdf,Camelot,,,,,,
Pakistan Fertilizer Statistics,PFS-2024.pdf,Camelot,,,,,,
(2012-13 to 2022-23),PFS-2024.pdf,Camelot,,,,,,
1    Agriculture      2    Fertilizer,PFS-2024.pdf,Camelot,,,,,,
Title  II   NFDC,PFS-2024.pdf,Camelot,,,,,,
Price Rs. 3000 or US$ 100,PFS-2024.pdf,Camelot,,,,,,
ISBN,PFS-2024.pdf,Camelot,,,,,,
978-969-7888-07-8,PFS-2024.pdf,Camelot,,,,,,
Address,PFS-2024.pdf,Camelot,,,,,,
National Fertilizer Development Centre,PFS-2024.pdf,Camelot,,,,,,
"Street No. 1, Sector H-8/1, Islamabad",PFS-2024.pdf,Camelot,,,,,,
Phone:  92-51-9269744,PFS-2024.pdf,Camelot,,,,,,
Website: www.nfdc.gov.pk,PFS-2024.pdf,Camelot,,,,,,
FOREWORD,PFS-2024.pdf,Camelot,,,,,,
"Fertilizer
 is
 a
 costly
 crop
 production
 input
 and
 has
 vital
 role
 in
 feeding",PFS-2024.pdf,Camelot,,,,,,
"burgeoning  world  population.
 Fertilizer
 related  statistics
 are
 of
 interest
 to",PFS-2024.pdf,Camelot,,,,,,
"fertilizer
 industry  and  international
 organizations.
 National 
agriculture  sector,",PFS-2024.pdf,Camelot,,,,,,
"Fertilizer
 Development
 Centre
 (NFDC),
 a
 technical
 section
 of
 Ministry  of",PFS-2024.pdf,Camelot,,,,,,
"Food  Security  &  Research  compiles
 “Pakistan  Fertilizer
 Statistics”
National",PFS-2024.pdf,Camelot,,,,,,
"containing
 data
 on
 fertilizer
 and
 agriculture.
 This
 voluminous
 publication",PFS-2024.pdf,Camelot,,,,,,
"covers  fertilizer production, import, export, offtake and price trends during last",PFS-2024.pdf,Camelot,,,,,,
10 to 15 years. Fertilizer use and crop yields in different countries and regions,PFS-2024.pdf,Camelot,,,,,,
"of the world,  are  also included in this bulletin.",PFS-2024.pdf,Camelot,,,,,,
"The
 data
 contained  in  this
 publication  is
 based  on  information  provided  by",PFS-2024.pdf,Camelot,,,,,,
"relevant
 government
 organizations
 and
 fertilizer
 industry.
 The
 information",PFS-2024.pdf,Camelot,,,,,,
"pertaining  to  fertilizer
 use  at
 global
 level
 is  obtained  from  FAO  database  and",PFS-2024.pdf,Camelot,,,,,,
"IFA  publications.
 Cooperation
 of
 all
 these
 organizations
 in
 finalizing
 the",PFS-2024.pdf,Camelot,,,,,,
statistics is  deeply acknowledged.,PFS-2024.pdf,Camelot,,,,,,
"The
 efforts
 of
 NFDC
 staff
 led
 by
 Dr.
 Saleem  Mohsan
 Chief,
 deserve",PFS-2024.pdf,Camelot,,,,,,
"appreciation.
 Dr. Muhammad Islam, Assistant Chief compiled relevant data for",PFS-2024.pdf,Camelot,,,,,,
"the
 draft.
 Dr.
 Ahmad  Ali
 Khan,
 Assistant
 Chief
 proof
 read  the
 manuscript.",PFS-2024.pdf,Camelot,,,,,,
"who  contributed  to  the  preparation  of
 the  bulletin  includes
 Dr.
 Saeed 
Others",PFS-2024.pdf,Camelot,,,,,,
"Akhtar,
 Deputy  Chief,
 Mr.
 Babar
 Ali
 Qureshi,
 Assistant
 Chief
 and  Dr.
 Yasir",PFS-2024.pdf,Camelot,,,,,,
"Mehmood  and  Mr.  Ghulam  Hussain,   Research  Officers.  Mr.  Sibghat
 Ullah,",PFS-2024.pdf,Camelot,,,,,,
"Entry
 Operator
 composed
 the
 document.
 Their
 hard
 work
 and 
Data",PFS-2024.pdf,Camelot,,,,,,
dedication  in  analysis of data for this voluminous report is commendable.,PFS-2024.pdf,Camelot,,,,,,
Any suggestions for improving the future editions of this statistical publication,PFS-2024.pdf,Camelot,,,,,,
are most welcome.,PFS-2024.pdf,Camelot,,,,,,
"F
OREWORD",PFS-2024.pdf,Camelot,,,,,,
1.,PFS-2024.pdf,Camelot,AGRICULTURE ...............................................................................................................................,,,,,
,PFS-2024.pdf,Camelot,"1.1 
Land utilization in Pakistan ................................................................................................ 4",,,,,
,PFS-2024.pdf,Camelot,"1.2 
Area, production and yield of various crops ....................................................................... 5",,,,,
,PFS-2024.pdf,Camelot,"1.3 (a) 
Number and area of farms by tenure and size in 2010 ........................................................ 9",,,,,
,PFS-2024.pdf,Camelot,"1.3 (b) 
Percentage of number and area of farms by tenure and size in 2010 ................................ 10",,,,,
,PFS-2024.pdf,Camelot,"1.3 (c) 
Land use intensity by tenure - by province in 2010 .......................................................... 11",,,,,
,PFS-2024.pdf,Camelot,"1.3 (d) 
Cropping intensity by tenure - by province in 2010.......................................................... 11",,,,,
2.,PFS-2024.pdf,Camelot,FERTILIZER AVAILABILITY......................................................................................................,,,,,
,PFS-2024.pdf,Camelot,"2.1 
Opening stocks of fertilizers by products.......................................................................... 15",,,,,
,PFS-2024.pdf,Camelot,"2.2 
Opening stocks of fertilizers (plant+field) by nutrients .................................................... 16",,,,,
,PFS-2024.pdf,Camelot,"2.3 
Historical data on local production and imports ............................................................... 19",,,,,
,PFS-2024.pdf,Camelot,"2.4 
Production capacity of fertilizer plants in Pakistan ........................................................... 20",,,,,
,PFS-2024.pdf,Camelot,"2.5 
Domestic production of fertilizer by products .................................................................. 21",,,,,
,PFS-2024.pdf,Camelot,"2.6 
Domestic production of fertilizer by nutrients .................................................................. 24",,,,,
,PFS-2024.pdf,Camelot,"2.7 
Fertilizers production by product and manufacturers during 2012-13 to 2022-23  ........... 25",,,,,
,PFS-2024.pdf,Camelot,"2.8 
Imported supply of fertilizer by products.......................................................................... 36",,,,,
,PFS-2024.pdf,Camelot,"2.9 
Month-wise fertilizer imports during 2012-13 to 2022-23 ............................................... 37",,,,,
,PFS-2024.pdf,Camelot,"2.10 
Total fertilizer availability of both domestic and imported fertilizers (opening",,,,,
,PFS-2024.pdf,Camelot,balance+domestic production+imported supply) by products .......................................... 48,,,,,
,PFS-2024.pdf,Camelot,"2.11 
Total fertilizer availability of both domestic and imported fertilizers (opening",,,,,
,PFS-2024.pdf,Camelot,balance+domestic production+imported supply) by nutrients .......................................... 49,,,,,
,PFS-2024.pdf,Camelot,2.12 (a)  Fertilizer nutrients supply/demand balance in Pakistan during 2023-24 to 2027-28 ........ 50,,,,,
,PFS-2024.pdf,Camelot,2.12 (b)  Fertilizer products supply/demand balance in Pakistan during 2023-24 to 2027-28 ........ 50,,,,,
,PFS-2024.pdf,Camelot,"2.13. 
Fertilizer exports ............................................................................................................... 51",,,,,
3.,PFS-2024.pdf,Camelot,FERTILIZER OFFTAKE ................................................................................................................,,,,,
,PFS-2024.pdf,Camelot,"3.1 
Historical data on fertilizer offtake by nutrients ............................................................... 57",,,,,
,PFS-2024.pdf,Camelot,"3.2 
Fertilizer offtake by product, province and country .......................................................... 58",,,,,
,PFS-2024.pdf,Camelot,"3.3 
Fertilizer offtake by nutrient ............................................................................................. 63",,,,,
,PFS-2024.pdf,Camelot,"3.4 
Fertilizer offtake by product and month from 2012-13 to 2022-23 .................................. 64",,,,,
,PFS-2024.pdf,Camelot,"3.5 
Crop-wise fertilizer use ..................................................................................................... 75",,,,,
,PFS-2024.pdf,Camelot,"3.6 
Fertilizer use rate (kg/ha) .................................................................................................. 76",,,,,
,PFS-2024.pdf,Camelot,"3.7 
Fertilizer nutrient ratios in Pakistan .................................................................................. 77",,,,,
,PFS-2024.pdf,Camelot,"3.8 
District and product-wise fertilizer offtake from 2012-13 to 2022-23 .............................. 78",,,,,
,PFS-2024.pdf,Camelot,"3.9 
District and nutrient-wise fertilizer offtake and use from 2012-13 to 2022-23 ............... 122",,,,,
4.,PFS-2024.pdf,Camelot,PRICES AND OTHER KEY INDICATORS .................................................................................,,,,,
,PFS-2024.pdf,Camelot,"4.1 
Procurement/support/indicative prices of major agricultural commodities .................... 169",,,,,
,PFS-2024.pdf,Camelot,"4.2 
Retail prices of fertilizer products in Pakistan ................................................................ 170",,,,,
,PFS-2024.pdf,Camelot,"4.3 
Average international market fertilizer prices ................................................................. 171",,,,,
,PFS-2024.pdf,Camelot,4.4 (a)  Weighted average nutrient prices .................................................................................... 172,,,,,
,PFS-2024.pdf,Camelot,"4.4 (b) 
Indices of fertilizer nutrient consumption and prices ...................................................... 172",,,,,
,PFS-2024.pdf,Camelot,"4.5 
Kg of crop required to buy one kg of N, P2O5, K2O and total nutrients ......................... 173",,,,,
,PFS-2024.pdf,Camelot,"4.6 
Subsidy estimates for fertilizer sector ............................................................................. 175",,,,,
"FRUIT,VEGETABLES AND",Statistics of 2023-04.pdf,Camelot,,,,,,
CONDIMENTS,Statistics of 2023-04.pdf,Camelot,,,,,,
STATISTICS OF,Statistics of 2023-04.pdf,Camelot,,,,,,
PAKISTAN 2023-24,Statistics of 2023-04.pdf,Camelot,,,,,,
GOVERNMENT OF PAKISTAN,Statistics of 2023-04.pdf,Camelot,,,,,,
MINISTRY OF NATIONAL FOOD SECURITY & RESEARCH,Statistics of 2023-04.pdf,Camelot,,,,,,
ECONOMIC WING,Statistics of 2023-04.pdf,Camelot,,,,,,
ISLAMABAD,Statistics of 2023-04.pdf,Camelot,,,,,,
www.mnfsr.gov.pk,Statistics of 2023-04.pdf,Camelot,,,,,,
"FRUIT, VEGETABLES",Statistics of 2023-04.pdf,Camelot,,,,,,
AND CONDIMENTS STATISTICS,Statistics of 2023-04.pdf,Camelot,,,,,,
OF PAKISTAN,Statistics of 2023-04.pdf,Camelot,,,,,,
2023-24,Statistics of 2023-04.pdf,Camelot,,,,,,
ECONOMIC WING,Statistics of 2023-04.pdf,Camelot,,,,,,
MINISTRY OF NATIONAL FOOD SECURITY & RESEARCH,Statistics of 2023-04.pdf,Camelot,,,,,,
ISLAMABAD,Statistics of 2023-04.pdf,Camelot,,,,,,
GOVERNMENT OF PAKISTAN,Statistics of 2023-04.pdf,Camelot,,,,,,
MARCH 2025,Statistics of 2023-04.pdf,Camelot,,,,,,
MESSAGE,Statistics of 2023-04.pdf,Camelot,,,,,,
"H
orticulture sector has the prime importance in Pakistan Agriculture Industry. The horticulture sector is",Statistics of 2023-04.pdf,Camelot,,,,,,
not only producing  fruits and vegetables  for  local consumption  but also earning a  handsome amount of,Statistics of 2023-04.pdf,Camelot,,,,,,
foreign exchange through export of fruits and vegetables produced in Pakistan.  Pakistan is self-sufficient,Statistics of 2023-04.pdf,Camelot,,,,,,
"in production of staple foods, livestock and dairy, however, economic access and utilization persist as the",Statistics of 2023-04.pdf,Camelot,,,,,,
major limiting factors for household-level food and nutrition security.,Statistics of 2023-04.pdf,Camelot,,,,,,
"P
resent Government has accorded high priority to the development of agriculture to play a  vital role  in",Statistics of 2023-04.pdf,Camelot,,,,,,
boosting  national  economy  and  ensuring  food  and  nutritional  security.  The  emphasis  is  also  given  to,Statistics of 2023-04.pdf,Camelot,,,,,,
"agriculture,  livestock, research and development priorities with a  focus on  nutrient dense  foods such as",Statistics of 2023-04.pdf,Camelot,,,,,,
"fruits,  vegetables,  legumes  and  animal  source  foods.  Fruit,  Vegetables  and  Condiments  Statistics  of",Statistics of 2023-04.pdf,Camelot,,,,,,
Pakistan   2023-24   is valuable addition in the Ministry’s Publications.,Statistics of 2023-04.pdf,Camelot,,,,,,
Rana Tanveer Hussain,Statistics of 2023-04.pdf,Camelot,,,,,,
Federal Minister for National Food Security and Research (NFS&R),Statistics of 2023-04.pdf,Camelot,,,,,,
"April , 2025",Statistics of 2023-04.pdf,Camelot,,,,,,
MESSAGE,Statistics of 2023-04.pdf,Camelot,,,,,,
Agriculture is lifeline of Pakistan’s economy. About 68% of population is engaged in farming directly or,Statistics of 2023-04.pdf,Camelot,,,,,,
indirectly.  Pakistan  has  a  great  potential  for  horticulture  due  to  the  variety  in  land  and  climate  which,Statistics of 2023-04.pdf,Camelot,,,,,,
provide  rich  opportunity  for  the  production  of  a  wide  range  of  horticulture  crops.  This  publication,Statistics of 2023-04.pdf,Camelot,,,,,,
"includes  fruit,  vegetables  and  floriculture  commodities  produced  in  the  country  and  a  viable,  profitable",Statistics of 2023-04.pdf,Camelot,,,,,,
horticulture sector can provide a sustainable livelihood to the rural agriculture commodity.,Statistics of 2023-04.pdf,Camelot,,,,,,
I appreciate the officers and staff of Economic Wing and also those who participated  in collection and,Statistics of 2023-04.pdf,Camelot,,,,,,
compilation of data and provincial Crop Reporting Service centers (CRS).,Statistics of 2023-04.pdf,Camelot,,,,,,
Suggestions are always welcome to make better this publication in future,Statistics of 2023-04.pdf,Camelot,,,,,,
FOREWORD,Statistics of 2023-04.pdf,Camelot,,,,,,
Horticulture in Pakistan has emerged as an important sector contributing to the national agricultural GDP‘s share,Statistics of 2023-04.pdf,Camelot,,,,,,
and  produce  large  number  of  horticultural  products  to  fulfill  domestic  demand  of  fruit  and  vegetables  for  ever,Statistics of 2023-04.pdf,Camelot,,,,,,
increasing  population. Pakistan is a major producer of fruits and vegetables and around 30 types of fruits and 34,Statistics of 2023-04.pdf,Camelot,,,,,,
"types of vegetables are produced in the country throughout the year.  However, most of the production is consumed",Statistics of 2023-04.pdf,Camelot,,,,,,
"in domestic markets. Production of citrus, mango, apple, melons, dates, guava, and apricot reflect strong domestic",Statistics of 2023-04.pdf,Camelot,,,,,,
"market  demand  for  horticulture  crops.  Citrus  fruit,  primarily  the  mandarin  variety.  The  highest  production  has",Statistics of 2023-04.pdf,Camelot,,,,,,
"reached, i.e  Citrus fruit & Mango 2.3 and 2.1 million tons, the largest fruit crop group by volume and are major",Statistics of 2023-04.pdf,Camelot,,,,,,
export revenue  earner. According to  latest figures  Pakistan exported      927.5  thousand ton of fruit increased 47.5,Statistics of 2023-04.pdf,Camelot,,,,,,
"percent, Vegetables 1261.7 thousand ton decreased 5.6 percent and Condiments 36.2 thousand ton,  an increase of",Statistics of 2023-04.pdf,Camelot,,,,,,
66 percent from last year.,Statistics of 2023-04.pdf,Camelot,,,,,,
,Year Book 23-24.pdf,Camelot,,,,,M,
,Year Book 23-24.pdf,Camelot,,,,,P,
,Year Book 23-24.pdf,Camelot,,,,3,,
,Year Book 23-24.pdf,Camelot,,,,3,,
,Year Book 23-24.pdf,Camelot,,,,:,,
,Year Book 23-24.pdf,Camelot,,n,,9,,
,Year Book 23-24.pdf,Camelot,,e,,2,,
,Year Book 23-24.pdf,Camelot,,,,:,,
,Year Book 23-24.pdf,Camelot,,e,,,,
,Year Book 23-24.pdf,Camelot,,,,4,,
,Year Book 23-24.pdf,Camelot,,"m
)",",",,,
,Year Book 23-24.pdf,Camelot,,,,,,
,Year Book 23-24.pdf,Camelot,,I,5,,,
,Year Book 23-24.pdf,Camelot,,"I
A",,,,
,Year Book 23-24.pdf,Camelot,,,,,,
,Year Book 23-24.pdf,Camelot,,-,2,,,
,Year Book 23-24.pdf,Camelot,,"a
C",,,,
,Year Book 23-24.pdf,Camelot,,,0,,,
,Year Book 23-24.pdf,Camelot,,r,,,,
,Year Book 23-24.pdf,Camelot,,,,,,
,Year Book 23-24.pdf,Camelot,,"i
2
E",,,,
,Year Book 23-24.pdf,Camelot,,,,,,
,Year Book 23-24.pdf,Camelot,m,"(
,",,,,
,Year Book 23-24.pdf,Camelot,,y,,,,
,Year Book 23-24.pdf,Camelot,a,,,,,
,Year Book 23-24.pdf,Camelot,,"r
O",,,,
,Year Book 23-24.pdf,Camelot,S,a,,,,
,Year Book 23-24.pdf,Camelot,,R,,,,
,Year Book 23-24.pdf,Camelot,,u,,,,
,Year Book 23-24.pdf,Camelot,,r,,,,
,Year Book 23-24.pdf,Camelot,,b,,,,
,Year Book 23-24.pdf,Camelot,,e,,,,
,Year Book 23-24.pdf,Camelot,,F,,,,
,Year Book 23-24.pdf,Camelot,4,,,,,
,Year Book 23-24.pdf,Camelot,0,,,,,
,Year Book 23-24.pdf,Camelot,",",,,,,
,Year Book 23-24.pdf,Camelot,y,,,,,
,Year Book 23-24.pdf,Camelot,a,,,,,
d,Year Book 23-24.pdf,Camelot,,,,,,
s,Year Book 23-24.pdf,Camelot,,,,,,
e,Year Book 23-24.pdf,Camelot,,,,,,
u,Year Book 23-24.pdf,Camelot,,,,,,
T,Year Book 23-24.pdf,Camelot,,,,,,
,Year Book 23-24.pdf,Camelot,,,,,M,
,Year Book 23-24.pdf,Camelot,,,,,P,
,Year Book 23-24.pdf,Camelot,,,,3,,
,Year Book 23-24.pdf,Camelot,,,,3,,
,Year Book 23-24.pdf,Camelot,,,,:,,
,Year Book 23-24.pdf,Camelot,,n,,9,,
,Year Book 23-24.pdf,Camelot,,e,,2,,
,Year Book 23-24.pdf,Camelot,,,,:,,
,Year Book 23-24.pdf,Camelot,,e,,,,
,Year Book 23-24.pdf,Camelot,,,,4,,
,Year Book 23-24.pdf,Camelot,,"m
)",",",,,
,Year Book 23-24.pdf,Camelot,,,,,,
,Year Book 23-24.pdf,Camelot,,I,5,,,
,Year Book 23-24.pdf,Camelot,,"I
A",,,,
,Year Book 23-24.pdf,Camelot,,,,,,
,Year Book 23-24.pdf,Camelot,,-,2,,,
,Year Book 23-24.pdf,Camelot,,"a
C",,,,
,Year Book 23-24.pdf,Camelot,,,0,,,
,Year Book 23-24.pdf,Camelot,,r,,,,
,Year Book 23-24.pdf,Camelot,,,,,,
,Year Book 23-24.pdf,Camelot,,"i
2
E",,,,
,Year Book 23-24.pdf,Camelot,,,,,,
,Year Book 23-24.pdf,Camelot,m,"(
,",,,,
,Year Book 23-24.pdf,Camelot,,y,,,,
,Year Book 23-24.pdf,Camelot,a,,,,,
,Year Book 23-24.pdf,Camelot,,"r
O",,,,
,Year Book 23-24.pdf,Camelot,S,a,,,,
,Year Book 23-24.pdf,Camelot,,R,,,,
,Year Book 23-24.pdf,Camelot,,u,,,,
,Year Book 23-24.pdf,Camelot,,r,,,,
,Year Book 23-24.pdf,Camelot,,b,,,,
,Year Book 23-24.pdf,Camelot,,e,,,,
,Year Book 23-24.pdf,Camelot,,F,,,,
,Year Book 23-24.pdf,Camelot,4,,,,,
,Year Book 23-24.pdf,Camelot,0,,,,,
,Year Book 23-24.pdf,Camelot,",",,,,,
,Year Book 23-24.pdf,Camelot,y,,,,,
,Year Book 23-24.pdf,Camelot,a,,,,,
d,Year Book 23-24.pdf,Camelot,,,,,,
s,Year Book 23-24.pdf,Camelot,,,,,,
e,Year Book 23-24.pdf,Camelot,,,,,,
,Year Book 23-24.pdf,Camelot,GOVERNMENT OF PAKISTAN,,,,,
MINISTRY OF NATIONAL FOOD SECURITY & RESEARCH,Year Book 23-24.pdf,Camelot,,,,,,
,Year Book 23-24.pdf,Camelot,ECONOMIC WING,,,,,
,Year Book 23-24.pdf,Camelot,ISLAMABAD,,,,,
,Year Book 23-24.pdf,Camelot,,www.mnfsr.gov.pk,,,,
M,Year Book 23-24.pdf,Camelot,,,,,,
P,Year Book 23-24.pdf,Camelot,,,,,,
0,Year Book 23-24.pdf,Camelot,,,,,,
3,Year Book 23-24.pdf,Camelot,,,,,,
:,Year Book 23-24.pdf,Camelot,,,,,,
"1
n",Year Book 23-24.pdf,Camelot,,,,,,
"3
e",Year Book 23-24.pdf,Camelot,,,,,,
:,Year Book 23-24.pdf,Camelot,,,,,,
e,Year Book 23-24.pdf,Camelot,,,,,,
4,Year Book 23-24.pdf,Camelot,,,,,,
",
m
)",Year Book 23-24.pdf,Camelot,,,,,,
,Year Book 23-24.pdf,Camelot,,,,,,
"I
5",Year Book 23-24.pdf,Camelot,,,,,,
"I
A",Year Book 23-24.pdf,Camelot,,,,,,
,Year Book 23-24.pdf,Camelot,,,,,,
"-
 
2",Year Book 23-24.pdf,Camelot,,,,,,
"a
C",Year Book 23-24.pdf,Camelot,,,,,,
YEAR BOOK,Year Book 23-24.pdf,Camelot,,,,,,
"S
a",Year Book 23-24.pdf,Camelot,,,,,,
R,Year Book 23-24.pdf,Camelot,,,,,,
u,Year Book 23-24.pdf,Camelot,,,,,,
r,Year Book 23-24.pdf,Camelot,,,,,,
b,Year Book 23-24.pdf,Camelot,,,,,,
e,Year Book 23-24.pdf,Camelot,,,,,,
2023-24,Year Book 23-24.pdf,Camelot,,,,,,
",",Year Book 23-24.pdf,Camelot,,,,,,
y,Year Book 23-24.pdf,Camelot,,,,,,
a,Year Book 23-24.pdf,Camelot,,,,,,
d,Year Book 23-24.pdf,Camelot,,,,,,
s,Year Book 23-24.pdf,Camelot,,,,,,
e,Year Book 23-24.pdf,Camelot,,,,,,
u,Year Book 23-24.pdf,Camelot,,,,,,
M,Year Book 23-24.pdf,Camelot,,,,,,
T,Year Book 23-24.pdf,Camelot,,,,,,
P,Year Book 23-24.pdf,Camelot,,,,,,
0,Year Book 23-24.pdf,Camelot,,,,,,
3,Year Book 23-24.pdf,Camelot,,,,,,
:,Year Book 23-24.pdf,Camelot,,,,,,
"1
n",Year Book 23-24.pdf,Camelot,,,,,,
"3
e",Year Book 23-24.pdf,Camelot,,,,,,
:,Year Book 23-24.pdf,Camelot,,,,,,
e,Year Book 23-24.pdf,Camelot,,,,,,
4,Year Book 23-24.pdf,Camelot,,,,,,
",
m
)",Year Book 23-24.pdf,Camelot,,,,,,
,Year Book 23-24.pdf,Camelot,,,,,,
"I
5",Year Book 23-24.pdf,Camelot,,,,,,
"I
A",Year Book 23-24.pdf,Camelot,,,,,,
,Year Book 23-24.pdf,Camelot,,,,,,
"-
 
2",Year Book 23-24.pdf,Camelot,,,,,,
"a
C",Year Book 23-24.pdf,Camelot,,,,,,
0,Year Book 23-24.pdf,Camelot,,,,,,
r,Year Book 23-24.pdf,Camelot,,,,,,
,Year Book 23-24.pdf,Camelot,,,,,,
"i
2
E",Year Book 23-24.pdf,Camelot,,,,,,
,Year Book 23-24.pdf,Camelot,,,,,,
"(
,
m",Year Book 23-24.pdf,Camelot,,,,,,
y,Year Book 23-24.pdf,Camelot,,,,,,
a,Year Book 23-24.pdf,Camelot,,,,,,
"r
O",Year Book 23-24.pdf,Camelot,,,,,,
"S
a",Year Book 23-24.pdf,Camelot,,,,,,
R,Year Book 23-24.pdf,Camelot,,,,,,
u,Year Book 23-24.pdf,Camelot,,,,,,
r,Year Book 23-24.pdf,Camelot,,,,,,
b,Year Book 23-24.pdf,Camelot,,,,,,
e,Year Book 23-24.pdf,Camelot,,,,,,
F,Year Book 23-24.pdf,Camelot,,,,,,
4,Year Book 23-24.pdf,Camelot,,,,,,
,Year Book 23-24.pdf,Camelot,,,,,,
"GOVERNEMNT OF PAKISTAN
0",Year Book 23-24.pdf,Camelot,,,,,,
",",Year Book 23-24.pdf,Camelot,,,,,,
y,Year Book 23-24.pdf,Camelot,,,,,,
a,Year Book 23-24.pdf,Camelot,,,,,,
"MINISTRY OF NATIONAL FOOD SECURITY AND RESEARCH
d",Year Book 23-24.pdf,Camelot,,,,,,
s,Year Book 23-24.pdf,Camelot,,,,,,
e,Year Book 23-24.pdf,Camelot,,,,,,
"ECONOMIC WING
u",Year Book 23-24.pdf,Camelot,,,,,,
T,Year Book 23-24.pdf,Camelot,,,,,,
ISLAMABAD,Year Book 23-24.pdf,Camelot,,,,,,
www.mnfsr.gov.pk,Year Book 23-24.pdf,Camelot,,,,,,
P,Year Book 23-24.pdf,Camelot,,,,,,
6,Year Book 23-24.pdf,Camelot,,,,,,
1,Year Book 23-24.pdf,Camelot,,,,,,
:,Year Book 23-24.pdf,Camelot,,,,,,
"2
n",Year Book 23-24.pdf,Camelot,,,,,,
"3
e",Year Book 23-24.pdf,Camelot,,,,,,
:,Year Book 23-24.pdf,Camelot,,,,,,
e,Year Book 23-24.pdf,Camelot,,,,,,
4,Year Book 23-24.pdf,Camelot,,,,,,
",
m
)",Year Book 23-24.pdf,Camelot,,,,,,
,Year Book 23-24.pdf,Camelot,,,,,,
"I
5",Year Book 23-24.pdf,Camelot,,,,,,
"I
A",Year Book 23-24.pdf,Camelot,,,,,,
,Year Book 23-24.pdf,Camelot,,,,,,
"-
 
2",Year Book 23-24.pdf,Camelot,,,,,,
"a
C",Year Book 23-24.pdf,Camelot,,,,,,
0,Year Book 23-24.pdf,Camelot,,,,,,
"Agriculture plays a central role in food security, poverty reduction and economic growth.
r",Year Book 23-24.pdf,Camelot,,,,,,
,Year Book 23-24.pdf,Camelot,,,,,,
"i
2
E
 
(
m",Year Book 23-24.pdf,Camelot,,,,,,
,Year Book 23-24.pdf,Camelot,,,,,,
,Year Book 23-24.pdf,Camelot,,,,,,
"Its contribution in GDP is 24 percent and 37.4 percent of
total
labor
force of
the country is
,",Year Book 23-24.pdf,Camelot,,,,,,
y,Year Book 23-24.pdf,Camelot,,,,,,
a,Year Book 23-24.pdf,Camelot,,,,,,
"employed in agriculture sector. The agriculture sector witnessed robust growth in 2023-24, with
r
O",Year Book 23-24.pdf,Camelot,,,,,,
"S
a",Year Book 23-24.pdf,Camelot,,,,,,
R,Year Book 23-24.pdf,Camelot,,,,,,
"an overall
increase of 6.25 percent as well as Food and Agriculture related exports
reached
 
u",Year Book 23-24.pdf,Camelot,,,,,,
r,Year Book 23-24.pdf,Camelot,,,,,,
"record level of $ 8 billion. The past year has presented both challenges and opportunities
for
b
e",Year Book 23-24.pdf,Camelot,,,,,,
,Year Book 23-24.pdf,Camelot,,,,,,
,Year Book 23-24.pdf,Camelot,,,,,,
"Pakistan's agricultural
landscape. We have witnessed the resilience of our farmers in the face of
F",Year Book 23-24.pdf,Camelot,,,,,,
"climate change impacts, while also celebrating their
successes
in increasing productivity and
4
0",Year Book 23-24.pdf,Camelot,,,,,,
,Year Book 23-24.pdf,Camelot,,,,,,
diversifying crops.,Year Book 23-24.pdf,Camelot,,,,,,
",",Year Book 23-24.pdf,Camelot,,,,,,
"y
a",Year Book 23-24.pdf,Camelot,,,,,,
,Year Book 23-24.pdf,Camelot,,,,,,
,Year Book 23-24.pdf,Camelot,,,,,,
"As we present
the Year Book for 2023-24,
the Ministry of National Food Security and
d
s",Year Book 23-24.pdf,Camelot,,,,,,
,Year Book 23-24.pdf,Camelot,,,,,,
"Research reaffirms its commitment
to ensuring food security for all Pakistanis. This publication",Year Book 23-24.pdf,Camelot,,,,,,
e,Year Book 23-24.pdf,Camelot,,,,,,
"serves as a comprehensive record of our efforts, achievements, and ongoing initiatives in this
u",Year Book 23-24.pdf,Camelot,,,,,,
M,Year Book 23-24.pdf,Camelot,,,,,,
T,Year Book 23-24.pdf,Camelot,,,,,,
"vital sector.
 
P",Year Book 23-24.pdf,Camelot,,,,,,
"6
1",Year Book 23-24.pdf,Camelot,,,,,,
,Year Book 23-24.pdf,Camelot,,,,,,
"Going forward,
the Ministry remains dedicated to addressing the evolving challenges to",Year Book 23-24.pdf,Camelot,,,,,,
":
2
n",Year Book 23-24.pdf,Camelot,,,,,,
,Year Book 23-24.pdf,Camelot,,,,,,
food security in Pakistan. Achieving food security is a collective responsibility. We call upon all,Year Book 23-24.pdf,Camelot,,,,,,
"3
e
:",Year Book 23-24.pdf,Camelot,,,,,,
,Year Book 23-24.pdf,Camelot,,,,,,
,Year Book 23-24.pdf,Camelot,,,,,,
"stakeholders – farmers,
researchers, policymakers,
and citizens – to join us
in this national
e",Year Book 23-24.pdf,Camelot,,,,,,
"4
 
m",Year Book 23-24.pdf,Camelot,,,,,,
,Year Book 23-24.pdf,Camelot,,,,,,
"endeavor. By working together, we can build a food-secure and prosperous future for Pakistan.
,
)",Year Book 23-24.pdf,Camelot,,,,,,
,Year Book 23-24.pdf,Camelot,,,,,,
"I
5",Year Book 23-24.pdf,Camelot,,,,,,
"I
A",Year Book 23-24.pdf,Camelot,,,,,,
,Year Book 23-24.pdf,Camelot,,,,,,
"-
 
2",Year Book 23-24.pdf,Camelot,,,,,,
1,Year Book 23-24.pdf,Camelot,,,,,,
:,Year Book 23-24.pdf,Camelot,,,,,,
"2
n",Year Book 23-24.pdf,Camelot,,,,,,
"3
e",Year Book 23-24.pdf,Camelot,,,,,,
:,Year Book 23-24.pdf,Camelot,,,,,,
e,Year Book 23-24.pdf,Camelot,,,,,,
4,Year Book 23-24.pdf,Camelot,,,,,,
",
m
)",Year Book 23-24.pdf,Camelot,,,,,,
,Year Book 23-24.pdf,Camelot,,,,,,
"I
5",Year Book 23-24.pdf,Camelot,,,,,,
"I
A",Year Book 23-24.pdf,Camelot,,,,,,
,Year Book 23-24.pdf,Camelot,,,,,,
"-
 
2",Year Book 23-24.pdf,Camelot,,,,,,
"a
C",Year Book 23-24.pdf,Camelot,,,,,,
0,Year Book 23-24.pdf,Camelot,,,,,,
r,Year Book 23-24.pdf,Camelot,,,,,,
,Year Book 23-24.pdf,Camelot,,,,,,
"i
FOREWARD
2
E",Year Book 23-24.pdf,Camelot,,,,,,
,Year Book 23-24.pdf,Camelot,,,,,,
"(
,
m",Year Book 23-24.pdf,Camelot,,,,,,
y,Year Book 23-24.pdf,Camelot,,,,,,
a,Year Book 23-24.pdf,Camelot,,,,,,
"r
O
S
a",Year Book 23-24.pdf,Camelot,,,,,,
,Year Book 23-24.pdf,Camelot,,,,,,
,Year Book 23-24.pdf,Camelot,,,,,,
"The Year Book 2023-24 of
the Ministry of National Food Security and Research is an
R",Year Book 23-24.pdf,Camelot,,,,,,
u,Year Book 23-24.pdf,Camelot,,,,,,
"official handbook published in pursuance of sub-rule (2) of Rule 25 of
the Rules of Business,
r",Year Book 23-24.pdf,Camelot,,,,,,
"b
e",Year Book 23-24.pdf,Camelot,,,,,,
,Year Book 23-24.pdf,Camelot,,,,,,
"1973, whereby each Ministry is required to prepare a Year Book for information of Cabinet and",Year Book 23-24.pdf,Camelot,,,,,,
F,Year Book 23-24.pdf,Camelot,,,,,,
"the general public. The Year Book deliberates activities undertaken by the various Wings of the
4
0",Year Book 23-24.pdf,Camelot,,,,,,
,Year Book 23-24.pdf,Camelot,,,,,,
"Ministry,
its attached departments and autonomous setup, and accomplishments of
the ministry",Year Book 23-24.pdf,Camelot,,,,,,
",
y",Year Book 23-24.pdf,Camelot,,,,,,
,Year Book 23-24.pdf,Camelot,,,,,,
during fiscal year 2023-24 and plan for the next year.,Year Book 23-24.pdf,Camelot,,,,,,
a,Year Book 23-24.pdf,Camelot,,,,,,
"d
s",Year Book 23-24.pdf,Camelot,,,,,,
,Year Book 23-24.pdf,Camelot,,,,,,
,Year Book 23-24.pdf,Camelot,,,,,,
"2.
I hope this will serve as a useful information resource and reference document for the policy
e
u",Year Book 23-24.pdf,Camelot,,,,,,
,Year Book 23-24.pdf,Camelot,,,,,,
,Year Book 23-24.pdf,Camelot,,,,,,
"makers,
researchers, planners, and general public on matters relating to food and agriculture.
I
M",Year Book 23-24.pdf,Camelot,,,,,,
"T
 
P",Year Book 23-24.pdf,Camelot,,,,,,
,Year Book 23-24.pdf,Camelot,,,,,,
"highly appreciate the efforts of officers and staff of Economic Wing, engaged in compiling and",Year Book 23-24.pdf,Camelot,,,,,,
6,Year Book 23-24.pdf,Camelot,,,,,,
"printing the year book in time. Comments and suggestions for
improvement of
the year book
1",Year Book 23-24.pdf,Camelot,,,,,,
":
2",Year Book 23-24.pdf,Camelot,,,,,,
,Year Book 23-24.pdf,Camelot,,,,,,
"would be highly appreciated.
n",Year Book 23-24.pdf,Camelot,,,,,,
"3
e",Year Book 23-24.pdf,Camelot,,,,,,
:,Year Book 23-24.pdf,Camelot,,,,,,
e,Year Book 23-24.pdf,Camelot,,,,,,
CONTENTS,Year Book 23-24.pdf,Camelot,,Page No.,,,,
Introduction,Year Book 23-24.pdf,Camelot,,1,,,,
Overview,Year Book 23-24.pdf,Camelot,,2,,,,
,Year Book 23-24.pdf,Camelot,,,,,,
Functions under Rules of Business,Year Book 23-24.pdf,Camelot,,2,"M
P",,,
,Year Book 23-24.pdf,Camelot,,,,,,
Organizational Chart of M/o NFS&R,Year Book 23-24.pdf,Camelot,,3,,,,
,Year Book 23-24.pdf,Camelot,,9,,,,
PART-I     Performance of  M/o NFS&R,Year Book 23-24.pdf,Camelot,,:,,,,
,Year Book 23-24.pdf,Camelot,,3,,,,
,Year Book 23-24.pdf,Camelot,n,,,,,
,Year Book 23-24.pdf,Camelot,,3,,,,
Introduction,Year Book 23-24.pdf,Camelot,,1,,,,
Overview,Year Book 23-24.pdf,Camelot,,2,,,,
,Year Book 23-24.pdf,Camelot,,,,,,
Functions under Rules of Business,Year Book 23-24.pdf,Camelot,,2,"M
P",,,
,Year Book 23-24.pdf,Camelot,,,,,,
Organizational Chart of M/o NFS&R,Year Book 23-24.pdf,Camelot,,3,,,,
,Year Book 23-24.pdf,Camelot,,9,,,,
PART-I     Performance of  M/o NFS&R,Year Book 23-24.pdf,Camelot,,:,,,,
,Year Book 23-24.pdf,Camelot,,3,,,,
n,Year Book 23-24.pdf,Camelot,,,,,,
,Year Book 23-24.pdf,Camelot,3,,,,,
"i.
Admin Wing
e",Year Book 23-24.pdf,Camelot,:,4-6,,,,
e,Year Book 23-24.pdf,Camelot,4,,,,,
,Year Book 23-24.pdf,Camelot,,,,,,
,Year Book 23-24.pdf,Camelot,,,,,,
"ii.
Plan  Wing
m
)",Year Book 23-24.pdf,Camelot,",",6-7,,,,
I,Year Book 23-24.pdf,Camelot,5,,,,,
,Year Book 23-24.pdf,Camelot,,,,,,
"I
A",Year Book 23-24.pdf,Camelot,,,,,,
"iii.
Economic Wing
-",Year Book 23-24.pdf,Camelot,2,7-11,,,,
,Year Book 23-24.pdf,Camelot,0,,,,,
"a
C",Year Book 23-24.pdf,Camelot,,,,,,
"iv.
 Food Security Commissioners Section
r",Year Book 23-24.pdf,Camelot,2,,,,,
,Year Book 23-24.pdf,Camelot,,,,,,
"i
 
E",Year Book 23-24.pdf,Camelot,,11-12,,,,
",",Year Book 23-24.pdf,Camelot,,,,,,
,Year Book 23-24.pdf,Camelot,,,,,,
"Food Security Commissioners-I
(
m
 
y
r
a
O",Year Book 23-24.pdf,Camelot,,,,,,
,Year Book 23-24.pdf,Camelot,,,,,,
,Year Book 23-24.pdf,Camelot,,,,,,
,Year Book 23-24.pdf,Camelot,,,,,,
,Year Book 23-24.pdf,Camelot,,12-15,,,,
a,Year Book 23-24.pdf,Camelot,,,,,,
"v.
Food Security Commissioners-II
S",Year Book 23-24.pdf,Camelot,,,,,,
"R
u",Year Book 23-24.pdf,Camelot,,,,,,
"r
b",Year Book 23-24.pdf,Camelot,,,,,,
,Year Book 23-24.pdf,Camelot,,,,,,
"vi.
Livestock wing",Year Book 23-24.pdf,Camelot,,16-23,,,,
"e
F",Year Book 23-24.pdf,Camelot,,,,,,
,Year Book 23-24.pdf,Camelot,,,,,,
PART-II     Performance of attached Departments/ Autonomous Bodies of  M/o NFS&R,Year Book 23-24.pdf,Camelot,,,,,,
"4
0",Year Book 23-24.pdf,Camelot,,,,,,
,Year Book 23-24.pdf,Camelot,,,,,,
"i.
National Fertilizer Development Centre (NFDC)",Year Book 23-24.pdf,Camelot,,24-26,,,,
",
y",Year Book 23-24.pdf,Camelot,,,,,,
,Year Book 23-24.pdf,Camelot,,,,,,
"ii.
National Veterinary Laboratories (NVL)
a",Year Book 23-24.pdf,Camelot,,,,,,
,Year Book 23-24.pdf,Camelot,,,,,,
,Year Book 23-24.pdf,Camelot,,26-32,,,,
d,Year Book 23-24.pdf,Camelot,,,,,,
s,Year Book 23-24.pdf,Camelot,,,,,,
"iii. Department of Plant Protection (DPP)
e",Year Book 23-24.pdf,Camelot,,33-41,,,,
"u
T",Year Book 23-24.pdf,Camelot,,,,,,
,Year Book 23-24.pdf,Camelot,,,,,,
,Year Book 23-24.pdf,Camelot,,,,,,
"iv.
Plant Breeder Rights (PBR)",Year Book 23-24.pdf,Camelot,,42-44,M,,,
,Year Book 23-24.pdf,Camelot,,,P,,,
"v.
Pakistan Oil Seed Development Board (PODB)",Year Book 23-24.pdf,Camelot,,"45-52
9",,,,
,Year Book 23-24.pdf,Camelot,,":
3",,,,
,Year Book 23-24.pdf,Camelot,,,,,,
,Year Book 23-24.pdf,Camelot,,,,,,
"vi. Agriculture Policy Institute (API)
n",Year Book 23-24.pdf,Camelot,,52-53,,,,
,Year Book 23-24.pdf,Camelot,3,,,,,
e,Year Book 23-24.pdf,Camelot,:,,,,,
e,Year Book 23-24.pdf,Camelot,4,,,,,
